{
"inference":["query-r47-1.rq","query-r47-2.rq","query-r47-3.rq","query-r48-1.rq","query-r48-2.rq","query-r49.rq"],
"benchmarkname":"GeoSPARQL 1.1 Compliance Benchmark",
"extensionMap":{"CORE":["query-r01","query-r02","query-r03","query-r04","query-r05","query-r06","query-r07"],
			  "TOP":["query-r08","query-r09","query-r10"],
			  "GEOEXT":["query-r11","query-r12","query-r13","query-r14","query-r15","query-r16","query-r17","query-r18","query-r19","query-r20","query-r21","query-r22","query-r23","query-r24",
               "query-r25","query-r26","query-r27","query-r28","query-r29","query-r30","query-r31","query-r32","query-r33","query-r34","query-r35","query-r36","query-r37","query-r38","query-r39",
               "query-r40","query-r41","query-r42"],
			  "GTOP":["query-r43","query-r44","query-r45","query-r46"],
			  "RDFSE":["query-r47","query-r48","query-r49"],
			  "QRW":["query-r50","query-r51","query-r52"]
},
"reqWeights":{
	"query-r01.rq": 0.01923076923076923077,
	"query-r02.rq": 0.01923076923076923077,
	"query-r03.rq": 0.01923076923076923077,
    "query-r04.rq": 0.01923076923076923077,
    "query-r05.rq": 0.01923076923076923077,
	"query-r06.rq": 0.01923076923076923077,
	"query-r07-1.rq": 0.00213675213675213675,
	"query-r07-2.rq": 0.00213675213675213675,
    "query-r07-3.rq": 0.00213675213675213675,
    "query-r07-4.rq": 0.00213675213675213675,
    "query-r07-5.rq": 0.00213675213675213675,
    "query-r07-6.rq": 0.00213675213675213675,
    "query-r07-7.rq": 0.00213675213675213675,
    "query-r07-8.rq": 0.00213675213675213675,
    "query-r07-9.rq": 0.00213675213675213675,
    "query-r08-1.rq": 0.00240384615384615385,
    "query-r08-2.rq": 0.00240384615384615385,
    "query-r08-3.rq": 0.00240384615384615385,
    "query-r08-4.rq": 0.00240384615384615385,
    "query-r08-5.rq": 0.00240384615384615385,
    "query-r08-6.rq": 0.00240384615384615385,
    "query-r08-7.rq": 0.00240384615384615385,
    "query-r08-8.rq": 0.00240384615384615385,
    "query-r09-1.rq": 0.00240384615384615385,
    "query-r09-2.rq": 0.00240384615384615385,
    "query-r09-3.rq": 0.00240384615384615385,
    "query-r09-4.rq": 0.00240384615384615385,
    "query-r09-5.rq": 0.00240384615384615385,
    "query-r09-6.rq": 0.00240384615384615385,
    "query-r09-7.rq": 0.00240384615384615385,
    "query-r09-8.rq": 0.00240384615384615385,
    "query-r10-1.rq": 0.00240384615384615385,
    "query-r10-2.rq": 0.00240384615384615385,
    "query-r10-3.rq": 0.00240384615384615385,
    "query-r10-4.rq": 0.00240384615384615385,
    "query-r10-5.rq": 0.00240384615384615385,
    "query-r10-6.rq": 0.00240384615384615385,
    "query-r10-7.rq": 0.00240384615384615385,
    "query-r10-8.rq": 0.00240384615384615385,
    "query-r11.rq": 0.01923076923076923077,
    "query-r12.rq": 0.01923076923076923077,
    "query-r13-1.rq": 0.00320512820512820513,
    "query-r13-2.rq": 0.00320512820512820513,
    "query-r13-3.rq": 0.00320512820512820513,
    "query-r13-4.rq": 0.00320512820512820513,
    "query-r13-5.rq": 0.00320512820512820513,
    "query-r13-6.rq": 0.00320512820512820513,
    "query-r14.rq": 0.01923076923076923077,
    "query-r15.rq": 0.01923076923076923077,
    "query-r16.rq": 0.01923076923076923077,
    "query-r17-1.rq": 0.00961538461538461538,
    "query-r17-2.rq": 0.00961538461538461538,
    "query-r18.rq": 0.01923076923076923077,    
    "query-r19-1.rq": 0.00384615384615384615,
    "query-r19-2.rq": 0.00384615384615384615,
    "query-r19-3.rq": 0.00384615384615384615, 
    "query-r19-4.rq": 0.00384615384615384615,
    "query-r19-5.rq": 0.00384615384615384615,
    "query-r20.rq": 0.01923076923076923077,
    "query-r21-1.rq": 0.00961538461538461538,
    "query-r21-2.rq": 0.00961538461538461538,
    "query-r23.rq": 0.01923076923076923077,    
    "query-r24.rq": 0.01923076923076923077,
    "query-r25.rq": 0.01923076923076923077,
    "query-r26.rq": 0.01923076923076923077,
    "query-r27-1.rq": 0.00961538461538461538,
    "query-r27-2.rq": 0.00961538461538461538,    
    "query-r28.rq": 0.01923076923076923077,    
    "query-r29.rq": 0.01923076923076923077,
    "query-r30.rq": 0.01923076923076923077,
    "query-r31.rq": 0.01923076923076923077,    
    "query-r32-1.rq": 0.00961538461538461538,
    "query-r32-2.rq": 0.00961538461538461538,  
    "query-r33.rq": 0.01923076923076923077,
    "query-r34.rq": 0.01923076923076923077, 
    "query-r37.rq": 0.01923076923076923077,
    "query-r38.rq": 0.01923076923076923077, 
    "query-r39.rq": 0.01923076923076923077,
    "query-r40-1-1.rq": 0.00076923076923076923,
    "query-r40-1-2.rq": 0.00076923076923076923,
    "query-r40-1-3.rq": 0.00076923076923076923,
    "query-r40-1-4.rq": 0.00076923076923076923,
	"query-r40-1-5.rq": 0.00076923076923076923,
	"query-r40-1-6.rq": 0.00076923076923076923,
	"query-r40-1-7.rq": 0.00076923076923076923,
	"query-r40-1-8.rq": 0.00076923076923076923,
	"query-r40-1-9.rq": 0.00076923076923076923,
    "query-r40-1-10.rq": 0.00076923076923076923,
	"query-r40-1-11.rq": 0.00076923076923076923,
	"query-r40-1-12.rq": 0.00076923076923076923,
	"query-r40-1-13.rq": 0.00076923076923076923,
	"query-r40-1-14.rq": 0.00076923076923076923,
	"query-r40-1-15.rq": 0.00076923076923076923,
	"query-r40-1-16.rq": 0.00076923076923076923,
	"query-r40-1-17.rq": 0.00076923076923076923,
	"query-r40-1-18.rq": 0.00076923076923076923,
	"query-r40-1-19.rq": 0.00076923076923076923,
	"query-r40-1-20.rq": 0.00076923076923076923,
	"query-r40-1-21.rq": 0.00076923076923076923,
	"query-r40-1-22.rq": 0.00076923076923076923,
	"query-r40-1-23.rq": 0.00076923076923076923,
	"query-r40-1-24.rq": 0.00076923076923076923,
	"query-r40-1-25.rq": 0.00076923076923076923,
	"query-r40-2-1.rq": 0.0038461538461538,
    "query-r40-2-2.rq": 0.0038461538461538,
    "query-r40-2-3.rq": 0.0038461538461538,
    "query-r40-2-4.rq": 0.0038461538461538,
	"query-r40-2-5.rq": 0.0038461538461538,
	"query-r40-3-1.rq": 0.0038461538461538,
	"query-r40-3-2.rq": 0.0038461538461538,
	"query-r40-3-3.rq": 0.0038461538461538,
	"query-r40-3-4.rq": 0.0038461538461538,
    "query-r40-3-5.rq": 0.0038461538461538,
    "query-r40-4-1.rq": 0.00076923076923076923,
    "query-r40-4-2.rq": 0.00076923076923076923,
    "query-r40-4-3.rq": 0.00076923076923076923,
    "query-r40-4-4.rq": 0.00076923076923076923,
	"query-r40-4-5.rq": 0.00076923076923076923,
	"query-r40-4-6.rq": 0.00076923076923076923,
	"query-r40-4-7.rq": 0.00076923076923076923,
	"query-r40-4-8.rq": 0.00076923076923076923,
	"query-r40-4-9.rq": 0.00076923076923076923,
    "query-r40-4-10.rq": 0.00076923076923076923,
	"query-r40-4-11.rq": 0.00076923076923076923,
	"query-r40-4-12.rq": 0.00076923076923076923,
	"query-r40-4-13.rq": 0.00076923076923076923,
	"query-r40-4-14.rq": 0.00076923076923076923,
	"query-r40-4-15.rq": 0.00076923076923076923,
	"query-r40-4-16.rq": 0.00076923076923076923,
	"query-r40-4-17.rq": 0.00076923076923076923,
	"query-r40-4-18.rq": 0.00076923076923076923,
	"query-r40-4-19.rq": 0.00076923076923076923,
	"query-r40-4-20.rq": 0.00076923076923076923,
	"query-r40-4-21.rq": 0.00076923076923076923,
	"query-r40-4-22.rq": 0.00076923076923076923,
	"query-r40-4-23.rq": 0.00076923076923076923,
	"query-r40-4-24.rq": 0.00076923076923076923,
	"query-r40-4-25.rq": 0.00076923076923076923,
	"query-r40-5-1.rq": 0.00076923076923076923,
    "query-r40-5-2.rq": 0.00076923076923076923,
    "query-r40-5-3.rq": 0.00076923076923076923,
    "query-r40-5-4.rq": 0.00076923076923076923,
	"query-r40-5-5.rq": 0.00076923076923076923,
	"query-r40-5-6.rq": 0.00076923076923076923,
	"query-r40-5-7.rq": 0.00076923076923076923,
	"query-r40-5-8.rq": 0.00076923076923076923,
	"query-r40-5-9.rq": 0.00076923076923076923,
    "query-r40-5-10.rq": 0.00076923076923076923,
	"query-r40-5-11.rq": 0.00076923076923076923,
	"query-r40-5-12.rq": 0.00076923076923076923,
	"query-r40-5-13.rq": 0.00076923076923076923,