{
"inference":[],
"benchmarkname":"GeoSPARQL 1.1 Performance Benchmark",
"extensionMap":{"CORE":[],
			  "TOP":[],
			  "GEOEXT":["pquery-r19","pquery-r24","pquery-r29","pquery-r34","pquery-r39","pquery-r40","pquery-r41","pquery-r42"],
			  "GTOP":["pquery-r43","pquery-r44","pquery-r45","pquery-r46"],
			  "RDFSE":[],
			  "QRW":["pquery-r50","pquery-r51","pquery-r52"]	
	       },
"reqTimes":{
	"requirement":{"min":0,"avg":1,"max":2}
},
"reqWeights":{
	"pquery-r19-1-1.rq": 0.0012345679012345679,
	"pquery-r19-1-2.rq": 0.0012345679012345679,
	"pquery-r19-1-3.rq": 0.0006172839506172839,
	"pquery-r19-1-4.rq": 0.0006172839506172839,
	"pquery-r19-2-1.rq": 0.001851851851851852,
	"pquery-r19-2-2.rq": 0.001851851851851852,
	"pquery-r19-3-1.rq": 0.001851851851851852,
	"pquery-r19-3-2.rq": 0.001851851851851852,
	"pquery-r19-4-1.rq": 0.0012345679012345679,
	"pquery-r19-4-2.rq": 0.0012345679012345679,
	"pquery-r19-4-3.rq": 0.0006172839506172839,
	"pquery-r19-4-4.rq": 0.0006172839506172839,
	"pquery-r19-5-1.rq": 0.0012345679012345679,
	"pquery-r19-5-2.rq": 0.0012345679012345679,
	"pquery-r19-5-3.rq": 0.0006172839506172839,
	"pquery-r19-5-4.rq": 0.0006172839506172839,
	"pquery-r19-6-1.rq": 0.0012345679012345679,
	"pquery-r19-6-2.rq": 0.0012345679012345679,
	"pquery-r19-6-3.rq": 0.0006172839506172839,
	"pquery-r19-6-4.rq": 0.0006172839506172839,
	"pquery-r19-7-1.rq": 0.0012345679012345679,
	"pquery-r19-7-2.rq": 0.0012345679012345679,
	"pquery-r19-7-3.rq": 0.0006172839506172839,
	"pquery-r19-7-4.rq": 0.0006172839506172839,
	"pquery-r19-8-1.rq": 0.001851851851851852,
	"pquery-r19-8-2.rq": 0.001851851851851852,
	"pquery-r19-9-1.rq": 0.001851851851851852,
	"pquery-r19-9-2.rq": 0.001851851851851852,
	"pquery-r20-1.rq": 0.016666666666666666,
	"pquery-r20-2.rq": 0.016666666666666666,
	"pquery-r21-1.rq": 0.011111111111111112,
	"pquery-r21-2.rq": 0.011111111111111112,
	"pquery-r21-3.rq": 0.005555555555555556,
	"pquery-r21-4.rq": 0.005555555555555556,
	"pquery-r22-1-1.rq": 0.001388888888888889,
	"pquery-r22-1-2.rq": 0.001388888888888889,
	"pquery-r22-1-3.rq": 0.0006944444444444445,
	"pquery-r22-1-4.rq": 0.0006944444444444445,
	"pquery-r22-2-1.rq": 0.001388888888888889,
	"pquery-r22-2-2.rq": 0.001388888888888889,
	"pquery-r22-2-3.rq": 0.0006944444444444445,
	"pquery-r22-2-4.rq": 0.0006944444444444445,
	"pquery-r22-3-1.rq": 0.001388888888888889,
	"pquery-r22-3-2.rq": 0.001388888888888889,
	"pquery-r22-3-3.rq": 0.0006944444444444445,
	"pquery-r22-3-4.rq": 0.0006944444444444445,
	"pquery-r22-4-1.rq": 0.001388888888888889,
	"pquery-r22-4-2.rq": 0.001388888888888889,
	"pquery-r22-4-3.rq": 0.0006944444444444445,
	"pquery-r22-4-4.rq": 0.0006944444444444445,
	"pquery-r22-5-1.rq": 0.001388888888888889,
	"pquery-r22-5-2.rq": 0.001388888888888889,
	"pquery-r22-5-3.rq": 0.0006944444444444445,
	"pquery-r22-5-4.rq": 0.0006944444444444445,
	"pquery-r22-6-1.rq": 0.001388888888888889,
	"pquery-r22-6-2.rq": 0.001388888888888889,
	"pquery-r22-6-3.rq": 0.0006944444444444445,
	"pquery-r22-6-4.rq": 0.0006944444444444445,
	"pquery-r22-7-1.rq": 0.001388888888888889,
	"pquery-r22-7-2.rq": 0.001388888888888889,
	"pquery-r22-7-3.rq": 0.0006944444444444445,
	"pquery-r22-7-4.rq": 0.0006944444444444445,
	"pquery-r22-8-1.rq": 0.001388888888888889,
	"pquery-r22-8-2.rq": 0.001388888888888889,
	"pquery-r22-8-3.rq": 0.0006944444444444445,
	"pquery-r22-8-4.rq": 0.0006944444444444445,
	"pquery-r23-1-1.rq": 0.001388888888888889,
	"pquery-r23-1-2.rq": 0.001388888888888889,
	"pquery-r23-1-3.rq": 0.0006944444444444445,
	"pquery-r23-1-4.rq": 0.0006944444444444445,
	"pquery-r23-2-1.rq": 0.001388888888888889,
	"pquery-r23-2-2.rq": 0.001388888888888889,
	"pquery-r23-2-3.rq": 0.0006944444444444445,
	"pquery-r23-2-4.rq": 0.0006944444444444445,
	"pquery-r23-3-1.rq": 0.001388888888888889,
	"pquery-r23-3-2.rq": 0.001388888888888889,
	"pquery-r23-3-3.rq": 0.0006944444444444445,
	"pquery-r23-3-4.rq": 0.0006944444444444445,
	"pquery-r23-4-1.rq": 0.001388888888888889,
	"pquery-r23-4-2.rq": 0.001388888888888889,
	"pquery-r23-4-3.rq": 0.0006944444444444445,
	"pquery-r23-4-4.rq": 0.0006944444444444445,
	"pquery-r23-5-1.rq": 0.001388888888888889,
	"pquery-r23-5-2.rq": 0.001388888888888889,
	"pquery-r23-5-3.rq": 0.0006944444444444445,
	"pquery-r23-5-4.rq": 0.0006944444444444445,
	"pquery-r23-6-1.rq": 0.001388888888888889,
	"pquery-r23-6-2.rq": 0.001388888888888889,
	"pquery-r23-6-3.rq": 0.0006944444444444445,
	"pquery-r23-6-4.rq": 0.0006944444444444445,
	"pquery-r23-7-1.rq": 0.001388888888888889,
	"pquery-r23-7-2.rq": 0.001388888888888889,
	"pquery-r23-7-3.rq": 0.0006944444444444445,
	"pquery-r23-7-4.rq": 0.0006944444444444445,
	"pquery-r23-8-1.rq": 0.001388888888888889,
	"pquery-r23-8-2.rq": 0.001388888888888889,
	"pquery-r23-8-3.rq": 0.0006944444444444445,
	"pquery-r23-8-4.rq": 0.0006944444444444445,
	"pquery-r24-1-1.rq": 0.001388888888888889,
	"pquery-r24-1-2.rq": 0.001388888888888889,
	"pquery-r24-1-3.rq": 0.0006944444444444445,
	"pquery-r24-1-4.rq": 0.0006944444444444445,
	"pquery-r24-2-1.rq": 0.001388888888888889,
	"pquery-r24-2-2.rq": 0.001388888888888889,
	"pquery-r24-2-3.rq": 0.0006944444444444445,
	"pquery-r24-2-4.rq": 0.0006944444444444445,
	"pquery-r24-3-1.rq": 0.001388888888888889,
	"pquery-r24-3-2.rq": 0.001388888888888889,
	"pquery-r24-3-3.rq": 0.0006944444444444445,
	"pquery-r24-3-4.rq": 0.0006944444444444445,
	"pquery-r24-4-1.rq": 0.001388888888888889,
	"pquery-r24-4-2.rq": 0.001388888888888889,
	"pquery-r24-4-3.rq": 0.0006944444444444445,
	"pquery-r24-4-4.rq": 0.0006944444444444445,
	"pquery-r24-5-1.rq": 0.001388888888888889,
	"pquery-r24-5-2.rq": 0.001388888888888889,
	"pquery-r24-5-3.rq": 0.0006944444444444445,
	"pquery-r24-5-4.rq": 0.0006944444444444445,
	"pquery-r24-6-1.rq": 0.001388888888888889,
	"pquery-r24-6-2.rq": 0.001388888888888889,
	"pquery-r24-6-3.rq": 0.0006944444444444445,
	"pquery-r24-6-4.rq": 0.0006944444444444445,
	"pquery-r24-7-1.rq": 0.001388888888888889,
	"pquery-r24-7-2.rq": 0.001388888888888889,
	"pquery-r24-7-3.rq": 0.0006944444444444445,
	"pquery-r24-7-4.rq": 0.0006944444444444445,
	"pquery-r24-8-1.rq": 0.001388888888888889,
	"pquery-r24-8-2.rq": 0.001388888888888889,
	"pquery-r24-8-3.rq": 0.0006944444444444445,
	"pquery-r24-8-4.rq": 0.0006944444444444445,
	"pquery-r25-1.rq": 0.011111111111111112,
	"pquery-r25-2.rq": 0.011111111111111112,
	"pquery-r25-3.rq": 0.011111111111111112,
	"pquery-r26-1.rq": 0.016666666666666666,
	"pquery-r26-2.rq": 0.016666666666666666,
	"pquery-r27.rq": 0.03333333333333333,
	"pquery-r28-1.rq": 0.004166666666666667,
	"pquery-r28-2.rq": 0.004166666666666667,
	"pquery-r28-3.rq": 0.004166666666666667,
	"pquery-r28-4.rq": 0.004166666666666667,
	"pquery-r28-5.rq": 0.004166666666666667,
	"pquery-r28-6.rq": 0.004166666666666667,
	"pquery-r28-7.rq": 0.004166666666666667,
	"pquery-r28-8.rq": 0.004166666666666667,
	"pquery-r29-1.rq": 0.004166666666666667,
	"pquery-r29-2.rq": 0.004166666666666667,
	"pquery-r29-3.rq": 0.004166666666666667,
	"pquery-r29-4.rq": 0.004166666666666667,
	"pquery-r29-5.rq": 0.004166666666666667,
	"pquery-r29-6.rq": 0.004166666666666667,
	"pquery-r29-7.rq": 0.004166666666666667,
	"pquery-r29-8.rq": 0.004166666666666667,
	"pquery-r30-1.rq": 0.004166666666666667,
	"pquery-r30-2.rq": 0.004166666666666667,
	"pquery-r30-3.rq": 0.004166666666666667,
	"pquery-r30-4.rq": 0.004166666666666667,
	"pquery-r30-5.rq": 0.004166666666666667,
	"pquery-r30-6.rq": 0.004166666666666667,
	"pquery-r30-7.rq": 0.004166666666666667,
	"pquery-r30-8.rq": 0.004166666666666667
},
"reqToURI":{
	"pquery-r19":"http://www.opengis.net/spec/geosparql/1.1/req/geometry-extension/asWKT-function",
	"pquery-r24":"http://www.opengis.net/spec/geosparql/1.1/req/geometry-extension/asGML-function",
	"pquery-r29":"http://www.opengis.net/spec/geosparql/1.1/req/geometry-extension/asGeoJSON-function",
	"pquery-r34":"http://www.opengis.net/spec/geosparql/1.1/req/geometry-extension/asKML-function",
	"pquery-r39":"http://www.opengis.net/spec/geosparql/1.1/req/geometry-extension/asDGGS-function",