{
"inference":["query-r25-1.rq","query-r25-2.rq","query-r25-3.rq","query-r26-1.rq","query-r26-2.rq","query-r27.rq"],
"benchmarkname":"GeoSPARQL 1.1 Compliance Benchmark",
"extensionMap":{"CORE":["query-r01","query-r02","query-r03"],
			  "TOP":["query-r04","query-r05","query-r06"],
			  "GEOEXT":["query-r07","query-r08","query-r09","query-r10","query-r11","query-r12","query-r13","query-r14","query-r15","query-r16","query-r17","query-r18","query-r19","query-r20"],
			  "GTOP":["query-r21","query-r22","query-r23","query-r24"],
			  "RDFSE":["query-r25","query-r26","query-r27"],
			  "QRW":["query-r28","query-r29","query-r30"]},			  
"reqTimes":{
	"requirement":["min":0,"avg":1,"max":2]
},
"reqWeights":{
	"query-r01.rq": 0.03333333333333333,
	"query-r02.rq": 0.03333333333333333,
	"query-r03.rq": 0.03333333333333333,
	"query-r04-1.rq": 0.004166666666666667,
	"query-r04-2.rq": 0.004166666666666667,
	"query-r04-3.rq": 0.004166666666666667,
	"query-r04-4.rq": 0.004166666666666667,
	"query-r04-5.rq": 0.004166666666666667,
	"query-r04-6.rq": 0.004166666666666667,
	"query-r04-7.rq": 0.004166666666666667,
	"query-r04-8.rq": 0.004166666666666667,
	"query-r05-1.rq": 0.004166666666666667,
	"query-r05-2.rq": 0.004166666666666667,
	"query-r05-3.rq": 0.004166666666666667,
	"query-r05-4.rq": 0.004166666666666667,
	"query-r05-5.rq": 0.004166666666666667,
	"query-r05-6.rq": 0.004166666666666667,
	"query-r05-7.rq": 0.004166666666666667,
	"query-r05-8.rq": 0.004166666666666667,
	"query-r06-1.rq": 0.004166666666666667,
	"query-r06-2.rq": 0.004166666666666667,
	"query-r06-3.rq": 0.004166666666666667,
	"query-r06-4.rq": 0.004166666666666667,
	"query-r06-5.rq": 0.004166666666666667,
	"query-r06-6.rq": 0.004166666666666667,
	"query-r06-7.rq": 0.004166666666666667,
	"query-r06-8.rq": 0.004166666666666667,
	"query-r07.rq": 0.03333333333333333,
	"query-r08-1.rq": 0.016666666666666666,
	"query-r08-2.rq": 0.016666666666666666,
	"query-r09-1.rq": 0.005555555555555556,
	"query-r09-2.rq": 0.005555555555555556,
	"query-r09-3.rq": 0.005555555555555556,
	"query-r09-4.rq": 0.005555555555555556,
	"query-r09-5.rq": 0.005555555555555556,
	"query-r09-6.rq": 0.005555555555555556,
	"query-r10.rq": 0.03333333333333333,
	"query-r11.rq": 0.03333333333333333,
	"query-r12.rq": 0.03333333333333333,
	"query-r13-1.rq": 0.016666666666666666,
	"query-r13-2.rq": 0.016666666666666666,
	"query-r14.rq": 0.03333333333333333,
	"query-r15.rq": 0.03333333333333333,
	"query-r16-1.rq": 0.016666666666666666,
	"query-r16-2.rq": 0.016666666666666666,
	"query-r18.rq": 0.03333333333333333,
	"query-r19-1-1.rq": 0.0012345679012345679,
	"query-r19-1-2.rq": 0.0012345679012345679,
	"query-r19-1-3.rq": 0.0006172839506172839,
	"query-r19-1-4.rq": 0.0006172839506172839,
	"query-r19-2-1.rq": 0.001851851851851852,
	"query-r19-2-2.rq": 0.001851851851851852,
	"query-r19-3-1.rq": 0.001851851851851852,
	"query-r19-3-2.rq": 0.001851851851851852,
	"query-r19-4-1.rq": 0.0012345679012345679,
	"query-r19-4-2.rq": 0.0012345679012345679,
	"query-r19-4-3.rq": 0.0006172839506172839,
	"query-r19-4-4.rq": 0.0006172839506172839,
	"query-r19-5-1.rq": 0.0012345679012345679,
	"query-r19-5-2.rq": 0.0012345679012345679,
	"query-r19-5-3.rq": 0.0006172839506172839,
	"query-r19-5-4.rq": 0.0006172839506172839,
	"query-r19-6-1.rq": 0.0012345679012345679,
	"query-r19-6-2.rq": 0.0012345679012345679,
	"query-r19-6-3.rq": 0.0006172839506172839,
	"query-r19-6-4.rq": 0.0006172839506172839,
	"query-r19-7-1.rq": 0.0012345679012345679,
	"query-r19-7-2.rq": 0.0012345679012345679,
	"query-r19-7-3.rq": 0.0006172839506172839,
	"query-r19-7-4.rq": 0.0006172839506172839,
	"query-r19-8-1.rq": 0.001851851851851852,
	"query-r19-8-2.rq": 0.001851851851851852,
	"query-r19-9-1.rq": 0.001851851851851852,
	"query-r19-9-2.rq": 0.001851851851851852,
	"query-r20-1.rq": 0.016666666666666666,
	"query-r20-2.rq": 0.016666666666666666,
	"query-r21-1.rq": 0.011111111111111112,
	"query-r21-2.rq": 0.011111111111111112,
	"query-r21-3.rq": 0.005555555555555556,
	"query-r21-4.rq": 0.005555555555555556,
	"query-r22-1-1.rq": 0.001388888888888889,
	"query-r22-1-2.rq": 0.001388888888888889,
	"query-r22-1-3.rq": 0.0006944444444444445,
	"query-r22-1-4.rq": 0.0006944444444444445,
	"query-r22-2-1.rq": 0.001388888888888889,
	"query-r22-2-2.rq": 0.001388888888888889,
	"query-r22-2-3.rq": 0.0006944444444444445,
	"query-r22-2-4.rq": 0.0006944444444444445,
	"query-r22-3-1.rq": 0.001388888888888889,
	"query-r22-3-2.rq": 0.001388888888888889,
	"query-r22-3-3.rq": 0.0006944444444444445,
	"query-r22-3-4.rq": 0.0006944444444444445,
	"query-r22-4-1.rq": 0.001388888888888889,
	"query-r22-4-2.rq": 0.001388888888888889,
	"query-r22-4-3.rq": 0.0006944444444444445,
	"query-r22-4-4.rq": 0.0006944444444444445,
	"query-r22-5-1.rq": 0.001388888888888889,
	"query-r22-5-2.rq": 0.001388888888888889,
	"query-r22-5-3.rq": 0.0006944444444444445,
	"query-r22-5-4.rq": 0.0006944444444444445,
	"query-r22-6-1.rq": 0.001388888888888889,
	"query-r22-6-2.rq": 0.001388888888888889,
	"query-r22-6-3.rq": 0.0006944444444444445,
	"query-r22-6-4.rq": 0.0006944444444444445,
	"query-r22-7-1.rq": 0.001388888888888889,
	"query-r22-7-2.rq": 0.001388888888888889,
	"query-r22-7-3.rq": 0.0006944444444444445,
	"query-r22-7-4.rq": 0.0006944444444444445,
	"query-r22-8-1.rq": 0.001388888888888889,
	"query-r22-8-2.rq": 0.001388888888888889,
	"query-r22-8-3.rq": 0.0006944444444444445,
	"query-r22-8-4.rq": 0.0006944444444444445,
	"query-r23-1-1.rq": 0.001388888888888889,
	"query-r23-1-2.rq": 0.001388888888888889,
	"query-r23-1-3.rq": 0.0006944444444444445,
	"query-r23-1-4.rq": 0.0006944444444444445,
	"query-r23-2-1.rq": 0.001388888888888889,
	"query-r23-2-2.rq": 0.001388888888888889,
	"query-r23-2-3.rq": 0.0006944444444444445,
	"query-r23-2-4.rq": 0.0006944444444444445,
	"query-r23-3-1.rq": 0.001388888888888889,
	"query-r23-3-2.rq": 0.001388888888888889,
	"query-r23-3-3.rq": 0.0006944444444444445,
	"query-r23-3-4.rq": 0.0006944444444444445,
	"query-r23-4-1.rq": 0.001388888888888889,
	"query-r23-4-2.rq": 0.001388888888888889,
	"query-r23-4-3.rq": 0.0006944444444444445,
	"query-r23-4-4.rq": 0.0006944444444444445,
	"query-r23-5-1.rq": 0.001388888888888889,
	"query-r23-5-2.rq": 0.001388888888888889,
	"query-r23-5-3.rq": 0.0006944444444444445,
	"query-r23-5-4.rq": 0.0006944444444444445,
	"query-r23-6-1.rq": 0.001388888888888889,
	"query-r23-6-2.rq": 0.001388888888888889,
	"query-r23-6-3.rq": 0.0006944444444444445,
	"query-r23-6-4.rq": 0.0006944444444444445,
	"query-r23-7-1.rq": 0.001388888888888889,
	"query-r23-7-2.rq": 0.001388888888888889,
	"query-r23-7-3.rq": 0.0006944444444444445,
	"query-r23-7-4.rq": 0.0006944444444444445,
	"query-r23-8-1.rq": 0.001388888888888889,
	"query-r23-8-2.rq": 0.001388888888888889,
	"query-r23-8-3.rq": 0.0006944444444444445,
	"query-r23-8-4.rq": 0.0006944444444444445,
	"query-r24-1-1.rq": 0.001388888888888889,
	"query-r24-1-2.rq": 0.001388888888888889,
	"query-r24-1-3.rq": 0.0006944444444444445,
	"query-r24-1-4.rq": 0.0006944444444444445,
	"query-r24-2-1.rq": 0.001388888888888889,
	"query-r24-2-2.rq": 0.001388888888888889,
	"query-r24-2-3.rq": 0.0006944444444444445,
	"query-r24-2-4.rq": 0.0006944444444444445,
	"query-r24-3-1.rq": 0.001388888888888889,
	"query-r24-3-2.rq": 0.001388888888888889,
	"query-r24-3-3.rq": 0.0006944444444444445,
	"query-r24-3-4.rq": 0.0006944444444444445,
	"query-r24-4-1.rq": 0.001388888888888889,
	"query-r24-4-2.rq": 0.001388888888888889,
	"query-r24-4-3.rq": 0.0006944444444444445,
	"query-r24-4-4.rq": 0.0006944444444444445,
	"query-r24-5-1.rq": 0.001388888888888889,
	"query-r24-5-2.rq": 0.001388888888888889,
	"query-r24-5-3.rq": 0.0006944444444444445,
	"query-r24-5-4.rq": 0.0006944444444444445,
	"query-r24-6-1.rq": 0.001388888888888889,
	"query-r24-6-2.rq": 0.001388888888888889,
	"query-r24-6-3.rq": 0.0006944444444444445,